# encoding: UTF-8
--- 
adevue: 
  city: "adevue"
  accentcity: "Adevue"
adibue: 
  city: "adibue"
  accentcity: "Adibue"
adibuee: 
  city: "adibuee"
  accentcity: "Adibuee"
adibuwe': 
  city: "adibuwe'"
  accentcity: "Adibuwe'"
adibuwee: 
  city: "adibuwee"
  accentcity: "Adibuwee"
adubuwe': 
  city: "adubuwe'"
  accentcity: "Adubuwe'"
af: 
  city: "af"
  accentcity: "Af"
airech: 
  city: "airech"
  accentcity: "Airech"
airetj: 
  city: "airetj"
  accentcity: "Airetj"
akahk: 
  city: "akahk"
  accentcity: "Akahk"
akaku: 
  city: "akaku"
  accentcity: "Akaku"
alaudscho: 
  city: "alaudscho"
  accentcity: "Alaudscho"
alaujo: 
  city: "alaujo"
  accentcity: "Alaujo"
alauso: 
  city: "alauso"
  accentcity: "Alauso"
aleru: 
  city: "aleru"
  accentcity: "Aleru"
alohkapw: 
  city: "alohkapw"
  accentcity: "Alohkapw"
alokap: 
  city: "alokap"
  accentcity: "Alokap"
alongot: 
  city: "alongot"
  accentcity: "Alongot"
amin: 
  city: "amin"
  accentcity: "Amin"
amun: 
  city: "amun"
  accentcity: "Amun"
anipadsch: 
  city: "anipadsch"
  accentcity: "Anipadsch"
anipaj: 
  city: "anipaj"
  accentcity: "Anipaj"
anipas: 
  city: "anipas"
  accentcity: "Anipas"
anipasu: 
  city: "anipasu"
  accentcity: "Anipasu"
anipein pah: 
  city: "anipein pah"
  accentcity: "Anipein Pah"
anipein powe: 
  city: "anipein powe"
  accentcity: "Anipein Powe"
anipen: 
  city: "anipen"
  accentcity: "Anipen"
anipoas: 
  city: "anipoas"
  accentcity: "Anipoas"
anoth: 
  city: "anoth"
  accentcity: "Anoth"
anoz: 
  city: "anoz"
  accentcity: "Anoz"
areu: 
  city: "areu"
  accentcity: "Areu"
arinel: 
  city: "arinel"
  accentcity: "Arinel"
aringel: 
  city: "aringel"
  accentcity: "Aringel"
aringell: 
  city: "aringell"
  accentcity: "Aringell"
aringeru: 
  city: "aringeru"
  accentcity: "Aringeru"
aringiru: 
  city: "aringiru"
  accentcity: "Aringiru"
arokappu: 
  city: "arokappu"
  accentcity: "Arokappu"
aru: 
  city: "aru"
  accentcity: "Aru"
aruu: 
  city: "aruu"
  accentcity: "Aruu"
ateliu: 
  city: "ateliu"
  accentcity: "Ateliu"
ateliw: 
  city: "ateliw"
  accentcity: "Ateliw"
atell: 
  city: "atell"
  accentcity: "Atell"
atelu: 
  city: "atelu"
  accentcity: "Atelu"
ateru: 
  city: "ateru"
  accentcity: "Ateru"
atiliu: 
  city: "atiliu"
  accentcity: "Atiliu"
atiliw: 
  city: "atiliw"
  accentcity: "Atiliw"
atliw: 
  city: "atliw"
  accentcity: "Atliw"
auak: 
  city: "auak"
  accentcity: "Auak"
aumar: 
  city: "aumar"
  accentcity: "Aumar"
aumaru: 
  city: "aumaru"
  accentcity: "Aumaru"
aumoar: 
  city: "aumoar"
  accentcity: "Aumoar"
aun: 
  city: "aun"
  accentcity: "Aun"
auun: 
  city: "auun"
  accentcity: "Auun"
awak: 
  city: "awak"
  accentcity: "Awak"
awak pah: 
  city: "awak pah"
  accentcity: "Awak Pah"
awak powe: 
  city: "awak powe"
  accentcity: "Awak Powe"
ayirech: 
  city: "ayirech"
  accentcity: "Ayirech"
ayrach: 
  city: "ayrach"
  accentcity: "Ayrach"
ayrech: 
  city: "ayrech"
  accentcity: "Ayrech"
baanimaut: 
  city: "baanimaut"
  accentcity: "Baanimaut"
baanimut: 
  city: "baanimut"
  accentcity: "Baanimut"
baanimuut: 
  city: "baanimuut"
  accentcity: "Baanimuut"
baanmaut: 
  city: "baanmaut"
  accentcity: "Baanmaut"
balabat: 
  city: "balabat"
  accentcity: "Balabat"
baleabaat': 
  city: "baleabaat'"
  accentcity: "Baleabaat'"
balebat': 
  city: "balebat'"
  accentcity: "Balebat'"
balebatt: 
  city: "balebatt"
  accentcity: "Balebatt"
balelach: 
  city: "balelach"
  accentcity: "Balelach"
baqanimaqut: 
  city: "baqanimaqut"
  accentcity: "Baqanimaqut"
barabado: 
  city: "barabado"
  accentcity: "Barabado"
barabato: 
  city: "barabato"
  accentcity: "Barabato"
bechiel: 
  city: "bechiel"
  accentcity: "Bechiel"
bechiyel: 
  city: "bechiyel"
  accentcity: "Bechiyel"
bechyal: 
  city: "bechyal"
  accentcity: "Bechyal"
beenik: 
  city: "beenik"
  accentcity: "Beenik"
beitiu: 
  city: "beitiu"
  accentcity: "Beitiu"
beken: 
  city: "beken"
  accentcity: "Beken"
benig: 
  city: "benig"
  accentcity: "Benig"
benik: 
  city: "benik"
  accentcity: "Benik"
berado: 
  city: "berado"
  accentcity: "Berado"
berard: 
  city: "berard"
  accentcity: "Berard"
biloechaang: 
  city: "biloechaang"
  accentcity: "Biloechaang"
binaew: 
  city: "binaew"
  accentcity: "Binaew"
binau: 
  city: "binau"
  accentcity: "Binau"
binaw: 
  city: "binaw"
  accentcity: "Binaw"
blelatsch: 
  city: "blelatsch"
  accentcity: "Blelatsch"
blochang: 
  city: "blochang"
  accentcity: "Blochang"
boenne: 
  city: "boenne"
  accentcity: "Boenne"
bogul: 
  city: "bogul"
  accentcity: "Bogul"
bruggemann: 
  city: "bruggemann"
  accentcity: "Bruggemann"
bugol: 
  city: "bugol"
  accentcity: "Bugol"
bulochang: 
  city: "bulochang"
  accentcity: "Bulochang"
buloochang: 
  city: "buloochang"
  accentcity: "Buloochang"
bulwol: 
  city: "bulwol"
  accentcity: "Bulwol"
canaun: 
  city: "canaun"
  accentcity: "Canaun"
cap oligabi: 
  city: "cap oligabi"
  accentcity: "Cap Oligabi"
ccun: 
  city: "ccun"
  accentcity: "Ccun"
chiyuru: 
  city: "chiyuru"
  accentcity: "Chiyuru"
chol: 
  city: "chol"
  accentcity: "Chol"
chool: 
  city: "chool"
  accentcity: "Chool"
choqol: 
  city: "choqol"
  accentcity: "Choqol"
chorong: 
  city: "chorong"
  accentcity: "Chorong"
choru: 
  city: "choru"
  accentcity: "Choru"
chukienu: 
  city: "chukienu"
  accentcity: "Chukienu"
chukuram: 
  city: "chukuram"
  accentcity: "Chukuram"
chun: 
  city: "chun"
  accentcity: "Chun"
colonia: 
  city: "colonia"
  accentcity: "Colonia"
colony koronia: 
  city: "colony koronia"
  accentcity: "Colony Koronia"
colony town: 
  city: "colony town"
  accentcity: "Colony Town"
corog: 
  city: "corog"
  accentcity: "Corog"
daabach: 
  city: "daabach"
  accentcity: "Daabach"
dabach: 
  city: "dabach"
  accentcity: "Dabach"
dachangar: 
  city: "dachangar"
  accentcity: "Dachangar"
dachngar: 
  city: "dachngar"
  accentcity: "Dachngar"
danipei: 
  city: "danipei"
  accentcity: "Danipei"
dariikaan: 
  city: "dariikaan"
  accentcity: "Dariikaan"
darikan: 
  city: "darikan"
  accentcity: "Darikan"
datjmur: 
  city: "datjmur"
  accentcity: "Datjmur"
davotj: 
  city: "davotj"
  accentcity: "Davotj"
deboch: 
  city: "deboch"
  accentcity: "Deboch"
dechumur: 
  city: "dechumur"
  accentcity: "Dechumur"
derikan: 
  city: "derikan"
  accentcity: "Derikan"
detianar: 
  city: "detianar"
  accentcity: "Detianar"
diadi: 
  city: "diadi"
  accentcity: "Diadi"
djun: 
  city: "djun"
  accentcity: "Djun"
doanguuc: 
  city: "doanguuc"
  accentcity: "Doanguuc"
doqomchuuy: 
  city: "doqomchuuy"
  accentcity: "Doqomchuuy"
dorf lela: 
  city: "dorf lela"
  accentcity: "Dorf Lela"
dorf lele: 
  city: "dorf lele"
  accentcity: "Dorf Lele"
dorf lolo: 
  city: "dorf lolo"
  accentcity: "Dorf Lolo"
dschakarenkap: 
  city: "dschakarenkap"
  accentcity: "Dschakarenkap"
dschalapuk: 
  city: "dschalapuk"
  accentcity: "Dschalapuk"
dschountin handel station: 
  city: "dschountin handel station"
  accentcity: "Dschountin Handel Station"
dublon: 
  city: "dublon"
  accentcity: "Dublon"
dublon town: 
  city: "dublon town"
  accentcity: "Dublon Town"
dugor: 
  city: "dugor"
  accentcity: "Dugor"
dulkaan: 
  city: "dulkaan"
  accentcity: "Dulkaan"
dulkan: 
  city: "dulkan"
  accentcity: "Dulkan"
eirech: 
  city: "eirech"
  accentcity: "Eirech"
elielliwi: 
  city: "elielliwi"
  accentcity: "Elielliwi"
elielwi: 
  city: "elielwi"
  accentcity: "Elielwi"
enipeihn pah: 
  city: "enipeihn pah"
  accentcity: "Enipeihn Pah"
enipeihn powe: 
  city: "enipeihn powe"
  accentcity: "Enipeihn Powe"
enipein pah: 
  city: "enipein pah"
  accentcity: "Enipein Pah"
enipoas: 
  city: "enipoas"
  accentcity: "Enipoas"
ennin: 
  city: "ennin"
  accentcity: "Ennin"
epin: 
  city: "epin"
  accentcity: "Epin"
era: 
  city: "era"
  accentcity: "Era"
eriel: 
  city: "eriel"
  accentcity: "Eriel"
etiemar: 
  city: "etiemar"
  accentcity: "Etiemar"
etiermar: 
  city: "etiermar"
  accentcity: "Etiermar"
ewashi: 
  city: "ewashi"
  accentcity: "Ewashi"
ewes: 
  city: "ewes"
  accentcity: "Ewes"
faal: 
  city: "faal"
  accentcity: "Faal"
fal: 
  city: "fal"
  accentcity: "Fal"
faloma: 
  city: "faloma"
  accentcity: "Faloma"
fanalili: 
  city: "fanalili"
  accentcity: "Fanalili"
fanaliliy: 
  city: "fanaliliy"
  accentcity: "Fanaliliy"
fanama: 
  city: "fanama"
  accentcity: "Fanama"
fanbatear: 
  city: "fanbatear"
  accentcity: "Fanbatear"
fangel: 
  city: "fangel"
  accentcity: "Fangel"
fanip: 
  city: "fanip"
  accentcity: "Fanip"
fankachau: 
  city: "fankachau"
  accentcity: "Fankachau"
fanomo: 
  city: "fanomo"
  accentcity: "Fan\xC3\xB6m\xC3\xB6"
fanqaliiliy: 
  city: "fanqaliiliy"
  accentcity: "Fanqaliiliy"
fara: 
  city: "fara"
  accentcity: "Fara"
faraq: 
  city: "faraq"
  accentcity: "Faraq"
faregaaw: 
  city: "faregaaw"
  accentcity: "Faregaaw"
faro: 
  city: "faro"
  accentcity: "Faro"
fason: 
  city: "fason"
  accentcity: "Fason"
faupo: 
  city: "faupo"
  accentcity: "Faup\xC3\xB6"
faut: 
  city: "faut"
  accentcity: "Faut"
feeduqor: 
  city: "feeduqor"
  accentcity: "Feeduq\xC3\xB6r"
fein: 
  city: "fein"
  accentcity: "Fein"
fenealiliy: 
  city: "fenealiliy"
  accentcity: "Fenealiliy"
feyin: 
  city: "feyin"
  accentcity: "Feyin"
finaunpes: 
  city: "finaunpes"
  accentcity: "Finaunpes"
finfokoa: 
  city: "finfokoa"
  accentcity: "Finfokoa"
finfoko: 
  city: "finfoko"
  accentcity: "Finfoko"
finfukul: 
  city: "finfukul"
  accentcity: "Finfukul"
finkol te: 
  city: "finkol te"
  accentcity: "Finkol Te"
finolof: 
  city: "finolof"
  accentcity: "Finolof"
finpukal: 
  city: "finpukal"
  accentcity: "Finpukal"
firigaaw: 
  city: "firigaaw"
  accentcity: "Firigaaw"
firigau: 
  city: "firigau"
  accentcity: "Firigau"
firigqaaw: 
  city: "firigqaaw"
  accentcity: "Firigqaaw"
fogen: 
  city: "fogen"
  accentcity: "Fogen"
fomseng: 
  city: "fomseng"
  accentcity: "Fomseng"
fongen: 
  city: "fongen"
  accentcity: "Fongen"
foup: 
  city: "foup"
  accentcity: "Foup"
fra: 
  city: "fra"
  accentcity: "Fra"
frigaau: 
  city: "frigaau"
  accentcity: "Frigaau"
frig'aw: 
  city: "frig'aw"
  accentcity: "Frig'aw"
gaanaun: 
  city: "gaanaun"
  accentcity: "Gaanaun"
gachalaaw: 
  city: "gachalaaw"
  accentcity: "Gachalaaw"
gachalan: 
  city: "gachalan"
  accentcity: "Gachalan"
gachalaw: 
  city: "gachalaw"
  accentcity: "Gachalaw"
gachapar: 
  city: "gachapar"
  accentcity: "Gachapar"
gachepar: 
  city: "gachepar"
  accentcity: "Gachepar"
gachpar: 
  city: "gachpar"
  accentcity: "Gachpar"
gadjebar: 
  city: "gadjebar"
  accentcity: "Gadjebar"
gael': 
  city: "gael'"
  accentcity: "Gael'"
gaeregei: 
  city: "gaeregei"
  accentcity: "Gaeregei"
gagil: 
  city: "gagil"
  accentcity: "Gagil"
gaqnaqun: 
  city: "gaqnaqun"
  accentcity: "Gaqnaqun"
garegei: 
  city: "garegei"
  accentcity: "Garegei"
gargey: 
  city: "gargey"
  accentcity: "Gargey"
garguei: 
  city: "garguei"
  accentcity: "Garguei"
garguet: 
  city: "garguet"
  accentcity: "Garguet"
garigej: 
  city: "garigej"
  accentcity: "Garigej"
garuguuei: 
  city: "garuguuei"
  accentcity: "Garuguuei"
gatchaparu: 
  city: "gatchaparu"
  accentcity: "Gatchaparu"
gatchiyapuru: 
  city: "gatchiyapuru"
  accentcity: "Gatchiyapuru"
gatjalau: 
  city: "gatjalau"
  accentcity: "Gatjalau"
gatjapar: 
  city: "gatjapar"
  accentcity: "Gatjapar"
gatschapa: 
  city: "gatschapa"
  accentcity: "Gatschapa"
gatschapar: 
  city: "gatschapar"
  accentcity: "Gatschapar"
gilfith: 
  city: "gilfith"
  accentcity: "Gilfith"
gillifitz: 
  city: "gillifitz"
  accentcity: "Gillifitz"
gitaem: 
  city: "gitaem"
  accentcity: "Gitaem"
gochepa: 
  city: "gochepa"
  accentcity: "Gochepa"
gorror: 
  city: "gorror"
  accentcity: "Gorror"
gudju: 
  city: "gudju"
  accentcity: "Gudju"
guroor: 
  city: "guroor"
  accentcity: "Guroor"
guruung: 
  city: "guruung"
  accentcity: "Guruung"
hala: 
  city: "hala"
  accentcity: "Hala"
imwinseinpwel: 
  city: "imwinseinpwel"
  accentcity: "Imwinseinpwel"
inkoeya: 
  city: "inkoeya"
  accentcity: "Inkoeya"
inshiappu: 
  city: "inshiappu"
  accentcity: "Inshiappu"
insiaf: 
  city: "insiaf"
  accentcity: "Insiaf"
inuf: 
  city: "inuf"
  accentcity: "Inuf"
inufu: 
  city: "inufu"
  accentcity: "Inufu"
inya walunga: 
  city: "inya walunga"
  accentcity: "Inya Walunga"
ipat: 
  city: "ipat"
  accentcity: "Ipat"
ipuak: 
  city: "ipuak"
  accentcity: "Ipuak"
jelatak: 
  city: "jelatak"
  accentcity: "Jelatak"
jin: 
  city: "jin"
  accentcity: "Jin"
jola: 
  city: "jola"
  accentcity: "Jola"
jountin: 
  city: "jountin"
  accentcity: "Jountin"
kadaay: 
  city: "kadaay"
  accentcity: "Kadaay"
kaday: 
  city: "kaday"
  accentcity: "Kaday"
kanaun: 
  city: "kanaun"
  accentcity: "Kanaun"
kanif: 
  city: "kanif"
  accentcity: "Kanif"
kanoon: 
  city: "kanoon"
  accentcity: "Kanoon"
keeng: 
  city: "keeng"
  accentcity: "Keeng"
keng: 
  city: "keng"
  accentcity: "Keng"
kepinpwel: 
  city: "kepinpwel"
  accentcity: "Kepinpwel"
kinakapw: 
  city: "kinakapw"
  accentcity: "Kinakapw"
kolonia: 
  city: "kolonia"
  accentcity: "Kolonia"
kolonie: 
  city: "kolonie"
  accentcity: "Kolonie"
koronia: 
  city: "koronia"
  accentcity: "Koronia"
koronie: 
  city: "koronie"
  accentcity: "Koronie"
koroni: 
  city: "koroni"
  accentcity: "Koroni"
korronii: 
  city: "korronii"
  accentcity: "Korronii"
kuchu: 
  city: "kuchu"
  accentcity: "Kuchu"
kukku: 
  city: "kukku"
  accentcity: "Kukku"
kukop: 
  city: "kukop"
  accentcity: "Kukop"
kukue: 
  city: "kukue"
  accentcity: "Kukue"
kukuwu: 
  city: "kukuwu"
  accentcity: "Kukuwu"
laay: 
  city: "laay"
  accentcity: "Laay"
lahy: 
  city: "lahy"
  accentcity: "Lahy"
lai: 
  city: "lai"
  accentcity: "Lai"
lamar: 
  city: "lamar"
  accentcity: "Lamar"
lamear: 
  city: "lamear"
  accentcity: "Lamear"
lamer: 
  city: "lamer"
  accentcity: "Lamer"
leabon: 
  city: "leabon"
  accentcity: "Leabon"
leang: 
  city: "leang"
  accentcity: "Leang"
leap: 
  city: "leap"
  accentcity: "Leap"
lebinao: 
  city: "lebinao"
  accentcity: "Lebinao"
lebinau: 
  city: "lebinau"
  accentcity: "Lebinau"
lebinaw: 
  city: "lebinaw"
  accentcity: "Lebinaw"
lebnan: 
  city: "lebnan"
  accentcity: "Lebnan"
lebnaw: 
  city: "lebnaw"
  accentcity: "Lebnaw"
lebonolong: 
  city: "lebonolong"
  accentcity: "Lebonolong"
leebinaew: 
  city: "leebinaew"
  accentcity: "Leebinaew"
leijut: 
  city: "leijut"
  accentcity: "Leijut"
lei: 
  city: "lei"
  accentcity: "Lei"
leilei: 
  city: "leilei"
  accentcity: "Leilei"
lejut: 
  city: "lejut"
  accentcity: "Lejut"
lele: 
  city: "lele"
  accentcity: "Lele"
lele village: 
  city: "lele village"
  accentcity: "Lele Village"
lelo: 
  city: "lelo"
  accentcity: "Lelo"
levinau: 
  city: "levinau"
  accentcity: "Levinau"
ley: 
  city: "ley"
  accentcity: "Ley"
logaf: 
  city: "logaf"
  accentcity: "Logaf"
lohd pah: 
  city: "lohd pah"
  accentcity: "Lohd Pah"
lohd powe: 
  city: "lohd powe"
  accentcity: "Lohd Powe"
lohson: 
  city: "lohson"
  accentcity: "Lohson"
lolo: 
  city: "lolo"
  accentcity: "Lolo"
loson: 
  city: "loson"
  accentcity: "Loson"
luech: 
  city: "luech"
  accentcity: "Luech"
lueis: 
  city: "lueis"
  accentcity: "Lueis"
lugan: 
  city: "lugan"
  accentcity: "Lugan"
lugav: 
  city: "lugav"
  accentcity: "Lugav"
lukop: 
  city: "lukop"
  accentcity: "Lukop"
lukula: 
  city: "lukula"
  accentcity: "Lukula"
lukunlulem: 
  city: "lukunlulem"
  accentcity: "Lukunlulem"
luweech: 
  city: "luweech"
  accentcity: "Luweech"
maabuuq: 
  city: "maabuuq"
  accentcity: "Maabuuq"
maakiy: 
  city: "maakiy"
  accentcity: "Maakiy"
maaloon: 
  city: "maaloon"
  accentcity: "Maaloon"
maa: 
  city: "maa"
  accentcity: "Maa"
maap': 
  city: "maap'"
  accentcity: "Maap'"
maaq: 
  city: "maaq"
  accentcity: "Maaq"
maawech: 
  city: "maawech"
  accentcity: "Maawech"
mabu': 
  city: "mabu'"
  accentcity: "Mabu'"
mabuu: 
  city: "mabuu"
  accentcity: "Mabuu"
machon: 
  city: "machon"
  accentcity: "Machon"
madadjagil: 
  city: "madadjagil"
  accentcity: "Madadjagil"
madalaay': 
  city: "madalaay'"
  accentcity: "Madalaay'"
madalai: 
  city: "madalai"
  accentcity: "Madalai"
madalay': 
  city: "madalay'"
  accentcity: "Madalay'"
madargil: 
  city: "madargil"
  accentcity: "Madargil"
madarigil: 
  city: "madarigil"
  accentcity: "Madarigil"
madlay: 
  city: "madlay"
  accentcity: "Madlay"
madragil: 
  city: "madragil"
  accentcity: "Madragil"
madschidscho: 
  city: "madschidscho"
  accentcity: "Madschidscho"
maerur: 
  city: "maerur"
  accentcity: "Maerur"
maeruru: 
  city: "maeruru"
  accentcity: "Maeruru"
magachagiiru: 
  city: "magachagiiru"
  accentcity: "Magachagiiru"
magachaguill: 
  city: "magachaguill"
  accentcity: "Magachaguill"
magachgil: 
  city: "magachgil"
  accentcity: "Magachgil"
mahnd: 
  city: "mahnd"
  accentcity: "Mahnd"
majijo: 
  city: "majijo"
  accentcity: "Majijo"
majishou: 
  city: "majishou"
  accentcity: "Majishou"
makal: 
  city: "makal"
  accentcity: "Makal"
makam: 
  city: "makam"
  accentcity: "Makam"
maki: 
  city: "maki"
  accentcity: "Maki"
makiy: 
  city: "makiy"
  accentcity: "Makiy"
mal'aay: 
  city: "mal'aay"
  accentcity: "Mal'aay"
malaf: 
  city: "malaf"
  accentcity: "Malaf"
malaio: 
  city: "malaio"
  accentcity: "Malaio"
mala: 
  city: "mala"
  accentcity: "Mala"
malam: 
  city: "malam"
  accentcity: "Malam"
malanaj: 
  city: "malanaj"
  accentcity: "Malanaj"
malawaay: 
  city: "malawaay"
  accentcity: "Malawaay"
mal'ay: 
  city: "mal'ay"
  accentcity: "Mal'ay"
malekun: 
  city: "malekun"
  accentcity: "Malekun"
malem: 
  city: "malem"
  accentcity: "Malem"
maletiu: 
  city: "maletiu"
  accentcity: "Maletiu"
maloai: 
  city: "maloai"
  accentcity: "Maloai"
malon: 
  city: "malon"
  accentcity: "Malon"
malowai: 
  city: "malowai"
  accentcity: "Malowai"
malsu: 
  city: "malsu"
  accentcity: "Malsu"
malway: 
  city: "malway"
  accentcity: "Malway"
ma: 
  city: "ma"
  accentcity: "Ma"
manaio: 
  city: "manaio"
  accentcity: "Manaio"
manitiu: 
  city: "manitiu"
  accentcity: "Manitiu"
manto: 
  city: "manto"
  accentcity: "Manto"
manukun: 
  city: "manukun"
  accentcity: "Manukun"
maqweach: 
  city: "maqweach"
  accentcity: "Maqweach"
maremu: 
  city: "maremu"
  accentcity: "Maremu"
maroai: 
  city: "maroai"
  accentcity: "Maroai"
marugrug: 
  city: "marugrug"
  accentcity: "Marugrug"
maruqruq: 
  city: "maruqruq"
  accentcity: "Maruqruq"
maru'ru': 
  city: "maru'ru'"
  accentcity: "Maru'ru'"
maruuru: 
  city: "maruuru"
  accentcity: "Maruuru"
maseesin: 
  city: "maseesin"
  accentcity: "Maseesin"
masesin: 
  city: "masesin"
  accentcity: "Masesin"
matam: 
  city: "matam"
  accentcity: "Matam"
matanluk: 
  city: "matanluk"
  accentcity: "Matanluk"
matem: 
  city: "matem"
  accentcity: "Matem"
mauvais accueil: 
  city: "mauvais accueil"
  accentcity: "Mauvais Accueil"
mayu: 
  city: "mayu"
  accentcity: "Mayu"
mealem: 
  city: "mealem"
  accentcity: "Mealem"
meay: 
  city: "meay"
  accentcity: "Meay"
mechikku: 
  city: "mechikku"
  accentcity: "Mechikku"
mechitiu: 
  city: "mechitiu"
  accentcity: "Mechitiu"
mechitiw: 
  city: "mechitiw"
  accentcity: "Mechitiw"
mechol: 
  city: "mechol"
  accentcity: "Mechol"
meechogol: 
  city: "meechogol"
  accentcity: "Meech\xC3\xB6g\xC3\xB6l"
meechoqol: 
  city: "meechoqol"
  accentcity: "Meechoqol"
meichikku: 
  city: "meichikku"
  accentcity: "Meichikku"
meilap: 
  city: "meilap"
  accentcity: "Meilap"
meilop: 
  city: "meilop"
  accentcity: "Meilop"
meitik: 
  city: "meitik"
  accentcity: "Meitik"
meqruur: 
  city: "meqruur"
  accentcity: "Meqruur"
merur: 
  city: "merur"
  accentcity: "Merur"
mesa: 
  city: "mesa"
  accentcity: "Mesa"
meseiku: 
  city: "meseiku"
  accentcity: "Meseiku"
meseiren: 
  city: "meseiren"
  accentcity: "Meseiren"
meseran: 
  city: "meseran"
  accentcity: "Meseran"
mesieiren: 
  city: "mesieiren"
  accentcity: "Mesieiren"
mesieng: 
  city: "mesieng"
  accentcity: "Mesieng"
mesihou: 
  city: "mesihou"
  accentcity: "Mesihou"
mesihsou: 
  city: "mesihsou"
  accentcity: "Mesihsou"
messa: 
  city: "messa"
  accentcity: "Messa"
metediu: 
  city: "metediu"
  accentcity: "Metediu"
metitiu: 
  city: "metitiu"
  accentcity: "Metitiu"
mezitiu: 
  city: "mezitiu"
  accentcity: "Mezitiu"
micheew: 
  city: "micheew"
  accentcity: "Micheew"
micheu: 
  city: "micheu"
  accentcity: "Micheu"
michew: 
  city: "michew"
  accentcity: "Michew"
milai: 
  city: "milai"
  accentcity: "Milai"
mineef: 
  city: "mineef"
  accentcity: "Mineef"
minei': 
  city: "minei'"
  accentcity: "Minei'"
mini: 
  city: "mini"
  accentcity: "Mini"
minniy: 
  city: "minniy"
  accentcity: "Minniy"
mkal: 
  city: "mkal"
  accentcity: "Mkal"
moalol: 
  city: "moalol"
  accentcity: "Moalol"
mocheu: 
  city: "mocheu"
  accentcity: "Mocheu"
mochon: 
  city: "mochon"
  accentcity: "Mochon"
moen: 
  city: "moen"
  accentcity: "Moen"
moloai: 
  city: "moloai"
  accentcity: "Moloai"
molouai: 
  city: "molouai"
  accentcity: "Molouai"
molousi: 
  city: "molousi"
  accentcity: "Molousi"
molove: 
  city: "molove"
  accentcity: "Molove"
molower: 
  city: "molower"
  accentcity: "Molower"
molway: 
  city: "molway"
  accentcity: "Molway"
mongal: 
  city: "mongal"
  accentcity: "Mongal"
monon: 
  city: "monon"
  accentcity: "Monon"
monowa: 
  city: "monowa"
  accentcity: "Monowa"
monowe: 
  city: "monowe"
  accentcity: "Monowe"
moongael: 
  city: "moongael"
  accentcity: "Moongael"
moroai: 
  city: "moroai"
  accentcity: "Moroai"
moron: 
  city: "moron"
  accentcity: "Moron"
motanrikku: 
  city: "motanrikku"
  accentcity: "Motanrikku"
mpomp: 
  city: "mpomp"
  accentcity: "Mpomp"
mpwoamwpw: 
  city: "mpwoamwpw"
  accentcity: "Mpwoamwpw"
muanon: 
  city: "muanon"
  accentcity: "Muanon"
muanun: 
  city: "muanun"
  accentcity: "Muanun"
mujun: 
  city: "mujun"
  accentcity: "Mujun"
muliefl: 
  city: "muliefl"
  accentcity: "Muliefl"
mulro': 
  city: "mulro'"
  accentcity: "Mulro'"
mulroo: 
  city: "mulroo"
  accentcity: "Mulroo"
mulroq: 
  city: "mulroq"
  accentcity: "Mulr\xC3\xB6q"
munien: 
  city: "munien"
  accentcity: "Munien"
murru: 
  city: "murru"
  accentcity: "Murru"
muru'ru': 
  city: "muru'ru'"
  accentcity: "Muru'ru'"
muruu: 
  city: "muruu"
  accentcity: "Muruu"
mutunnenea: 
  city: "mutunnenea"
  accentcity: "Mutunnenea"
mutunte: 
  city: "mutunte"
  accentcity: "Mutunte"
muyub: 
  city: "muyub"
  accentcity: "Muyub"
muyuub: 
  city: "muyuub"
  accentcity: "Muyuub"
mwaan: 
  city: "mwaan"
  accentcity: "Mwaan"
mwalok: 
  city: "mwalok"
  accentcity: "Mwalok"
mwanitiw: 
  city: "mwanitiw"
  accentcity: "Mwanitiw"
mwan: 
  city: "mwan"
  accentcity: "Mwan"
mwoalok: 
  city: "mwoalok"
  accentcity: "Mwoalok"
mwoht: 
  city: "mwoht"
  accentcity: "Mwoht"
mwot: 
  city: "mwot"
  accentcity: "Mwot"
nachap: 
  city: "nachap"
  accentcity: "Nachap"
nan angesek: 
  city: "nan angesek"
  accentcity: "Nan Angesek"
nanepil: 
  city: "nanepil"
  accentcity: "Nanepil"
nanipil: 
  city: "nanipil"
  accentcity: "Nanipil"
nanipiru: 
  city: "nanipiru"
  accentcity: "Nanipiru"
nankomw: 
  city: "nankomw"
  accentcity: "Nankomw"
nanpil: 
  city: "nanpil"
  accentcity: "Nanpil"
nanpilo: 
  city: "nanpilo"
  accentcity: "Nanpilo"
nanpohnsapw: 
  city: "nanpohnsapw"
  accentcity: "Nanpohnsapw"
nanponjap: 
  city: "nanponjap"
  accentcity: "Nanponjap"
nan uh: 
  city: "nan uh"
  accentcity: "Nan Uh"
nanukum: 
  city: "nanukum"
  accentcity: "Nanukum"
napondschap: 
  city: "napondschap"
  accentcity: "Napondschap"
natsu: 
  city: "natsu"
  accentcity: "Natsu"
neawachang: 
  city: "neawachang"
  accentcity: "Neawachang"
neberai: 
  city: "neberai"
  accentcity: "Neberai"
nechap: 
  city: "nechap"
  accentcity: "Nechap"
nechocho: 
  city: "nechocho"
  accentcity: "Nechocho"
neecap: 
  city: "neecap"
  accentcity: "Neecap"
n'eef: 
  city: "n'eef"
  accentcity: "N'eef"
neel: 
  city: "neel"
  accentcity: "Neel"
nei: 
  city: "nei"
  accentcity: "Nei"
neipeima: 
  city: "neipeima"
  accentcity: "Neipeima"
neirenom: 
  city: "neirenom"
  accentcity: "Neirenom"
neiwe: 
  city: "neiwe"
  accentcity: "Neiwe"
nel: 
  city: "nel"
  accentcity: "Nel"
nemwan: 
  city: "nemwan"
  accentcity: "Nemwan"
nepon: 
  city: "nepon"
  accentcity: "Nepon"
neponolong: 
  city: "neponolong"
  accentcity: "Neponolong"
nepononong: 
  city: "nepononong"
  accentcity: "Nepononong"
nepos: 
  city: "nepos"
  accentcity: "Nepos"
nesarau: 
  city: "nesarau"
  accentcity: "Nesarau"
neton: 
  city: "neton"
  accentcity: "Neton"
ngariy: 
  city: "ngariy"
  accentcity: "Ngariy"
ngof: 
  city: "ngof"
  accentcity: "Ngof"
ngolog: 
  city: "ngolog"
  accentcity: "Ngolog"
ngoof: 
  city: "ngoof"
  accentcity: "Ngoof"
nidschow: 
  city: "nidschow"
  accentcity: "Nidschow"
nif: 
  city: "nif"
  accentcity: "Nif"
nifu: 
  city: "nifu"
  accentcity: "Nifu"
nijon: 
  city: "nijon"
  accentcity: "Nijon"
nijow: 
  city: "nijow"
  accentcity: "Nijow"
nimaar: 
  city: "nimaar"
  accentcity: "Nimaar"
nimal: 
  city: "nimal"
  accentcity: "Nimal"
nimar: 
  city: "nimar"
  accentcity: "Nimar"
ninlus: 
  city: "ninlus"
  accentcity: "Ninlus"
ninseitamw: 
  city: "ninseitamw"
  accentcity: "Ninseitamw"
nin soksok: 
  city: "nin soksok"
  accentcity: "Nin Soksok"
nipeimei: 
  city: "nipeimei"
  accentcity: "Nipeimei"
nluul: 
  city: "nluul"
  accentcity: "Nluul"
nolak: 
  city: "nolak"
  accentcity: "Nolak"
notu: 
  city: "notu"
  accentcity: "Notu"
nukaf: 
  city: "nukaf"
  accentcity: "Nukaf"
nukanap: 
  city: "nukanap"
  accentcity: "Nukanap"
nukan: 
  city: "nukan"
  accentcity: "Nukan"
nukune: 
  city: "nukune"
  accentcity: "Nukune"
nukuno: 
  city: "nukuno"
  accentcity: "Nukuno"
nukura: 
  city: "nukura"
  accentcity: "Nukura"
numdul: 
  city: "numdul"
  accentcity: "Numdul"
numenun: 
  city: "numenun"
  accentcity: "Numenun"
numnum: 
  city: "numnum"
  accentcity: "Numnum"
numnung: 
  city: "numnung"
  accentcity: "Numnung"
numunung: 
  city: "numunung"
  accentcity: "Numunung"
oa: 
  city: "oa"
  accentcity: "Oa"
oarmoar: 
  city: "oarmoar"
  accentcity: "Oarmoar"
oaumoar: 
  city: "oaumoar"
  accentcity: "Oaumoar"
oaunoar: 
  city: "oaunoar"
  accentcity: "Oaunoar"
oboen: 
  city: "oboen"
  accentcity: "Oboen"
ohwa: 
  city: "ohwa"
  accentcity: "Ohwa"
okau: 
  city: "okau"
  accentcity: "Okau"
olip: 
  city: "olip"
  accentcity: "Olip"
omin: 
  city: "omin"
  accentcity: "Omin"
onean: 
  city: "onean"
  accentcity: "Onean"
onip: 
  city: "onip"
  accentcity: "Onip"
onongoch: 
  city: "onongoch"
  accentcity: "Onongoch"
onongot: 
  city: "onongot"
  accentcity: "Onongot"
opun: 
  city: "opun"
  accentcity: "Opun"
orila: 
  city: "orila"
  accentcity: "Orila"
orile: 
  city: "orile"
  accentcity: "Orile"
orira: 
  city: "orira"
  accentcity: "Orira"
oror en fein: 
  city: "oror en fein"
  accentcity: "Oror en Fein"
orowoo: 
  city: "orowoo"
  accentcity: "Orowoo"
oumoar: 
  city: "oumoar"
  accentcity: "Oumoar"
paata: 
  city: "paata"
  accentcity: "Paata"
paatoapoat: 
  city: "paatoapoat"
  accentcity: "Paatoapoat"
pada: 
  city: "pada"
  accentcity: "Pada"
palaaw: 
  city: "palaaw"
  accentcity: "Palaaw"
palang: 
  city: "palang"
  accentcity: "Palang"
paliais: 
  city: "paliais"
  accentcity: "Paliais"
paliapailong: 
  city: "paliapailong"
  accentcity: "Paliapailong"
palikir: 
  city: "palikir"
  accentcity: "Palikir"
pallikir: 
  city: "pallikir"
  accentcity: "Pallikir"
panitiw: 
  city: "panitiw"
  accentcity: "Panitiw"
panitu: 
  city: "panitu"
  accentcity: "Panitu"
panpinshappu: 
  city: "panpinshappu"
  accentcity: "Panpinshappu"
panutiw: 
  city: "panutiw"
  accentcity: "Panutiw"
pariyapairon: 
  city: "pariyapairon"
  accentcity: "Pariyapairon"
pata: 
  city: "pata"
  accentcity: "Pata"
pehleng: 
  city: "pehleng"
  accentcity: "Pehleng"
peitiu: 
  city: "peitiu"
  accentcity: "Peitiu"
peitu: 
  city: "peitu"
  accentcity: "Peitu"
peken: 
  city: "peken"
  accentcity: "Peken"
pelia: 
  city: "pelia"
  accentcity: "Pelia"
peliesele: 
  city: "peliesele"
  accentcity: "Peliesele"
peliesole: 
  city: "peliesole"
  accentcity: "Peliesole"
pelior: 
  city: "pelior"
  accentcity: "Pelior"
peliysale: 
  city: "peliysale"
  accentcity: "Peliysale"
pelusrik: 
  city: "pelusrik"
  accentcity: "Pelusrik"
peniamwan: 
  city: "peniamwan"
  accentcity: "Peniamwan"
penia: 
  city: "penia"
  accentcity: "Penia"
peniata: 
  city: "peniata"
  accentcity: "Peniata"
peniemuan: 
  city: "peniemuan"
  accentcity: "Peniemuan"
penienuk: 
  city: "penienuk"
  accentcity: "Penienuk"
peniesene: 
  city: "peniesene"
  accentcity: "Peniesene"
penior: 
  city: "penior"
  accentcity: "Penior"
perior: 
  city: "perior"
  accentcity: "Perior"
petiw: 
  city: "petiw"
  accentcity: "Petiw"
peyitiw: 
  city: "peyitiw"
  accentcity: "Peyitiw"
peytiu: 
  city: "peytiu"
  accentcity: "Peytiu"
pieis: 
  city: "pieis"
  accentcity: "Pieis"
pihs: 
  city: "pihs"
  accentcity: "Pihs"
poaipoai: 
  city: "poaipoai"
  accentcity: "Poaipoai"
poatoapoat: 
  city: "poatoapoat"
  accentcity: "Poatoapoat"
poatopoat: 
  city: "poatopoat"
  accentcity: "Poatopoat"
pohniak: 
  city: "pohniak"
  accentcity: "Pohniak"
pohnmangahng: 
  city: "pohnmangahng"
  accentcity: "Pohnmangahng"
pohrasapw: 
  city: "pohrasapw"
  accentcity: "Pohrasapw"
pohtakied: 
  city: "pohtakied"
  accentcity: "Pohtakied"
pokku: 
  city: "pokku"
  accentcity: "Pokku"
pok: 
  city: "pok"
  accentcity: "Pok"
ponape: 
  city: "ponape"
  accentcity: "Ponape"
ponape town: 
  city: "ponape town"
  accentcity: "Ponape Town"
pone: 
  city: "pone"
  accentcity: "Pone"
poukachau: 
  city: "poukachau"
  accentcity: "Poukachau"
poukechau: 
  city: "poukechau"
  accentcity: "Po\xC3\xBCkechau"
pukusrik te: 
  city: "pukusrik te"
  accentcity: "Pukusrik Te"
pukusruk te: 
  city: "pukusruk te"
  accentcity: "Pukusruk Te"
putuk te: 
  city: "putuk te"
  accentcity: "Putuk Te"
pwel weita: 
  city: "pwel weita"
  accentcity: "Pwel Weita"
pwene: 
  city: "pwene"
  accentcity: "Pwene"
pwoaipwoai: 
  city: "pwoaipwoai"
  accentcity: "Pwoaipwoai"
pwoipwoi: 
  city: "pwoipwoi"
  accentcity: "Pwoipwoi"
pwok: 
  city: "pwok"
  accentcity: "Pwok"
qaaf: 
  city: "qaaf"
  accentcity: "Qaaf"
qadibweq: 
  city: "qadibweq"
  accentcity: "Qadibweq"
qamin: 
  city: "qamin"
  accentcity: "Qamin"
qamun: 
  city: "qamun"
  accentcity: "Qamun"
qanooth: 
  city: "qanooth"
  accentcity: "Qanooth"
qaringeel: 
  city: "qaringeel"
  accentcity: "Qaringeel"
qatliw: 
  city: "qatliw"
  accentcity: "Qatliw"
qayirech: 
  city: "qayirech"
  accentcity: "Qayirëch"
qokaaw: 
  city: "qokaaw"
  accentcity: "Qokaaw"
raeng: 
  city: "raeng"
  accentcity: "Raeng"
rameru: 
  city: "rameru"
  accentcity: "Rameru"
rara: 
  city: "rara"
  accentcity: "Rara"
ras: 
  city: "ras"
  accentcity: "Ras"
rebinao: 
  city: "rebinao"
  accentcity: "Rebinao"
reere: 
  city: "reere"
  accentcity: "Reere"
reeron: 
  city: "reeron"
  accentcity: "Reeron"
rekeeshi: 
  city: "rekeeshi"
  accentcity: "Rekeeshi"
rekisau: 
  city: "rekisau"
  accentcity: "Rekisau"
rekisou: 
  city: "rekisou"
  accentcity: "Rekisou"
relong: 
  city: "relong"
  accentcity: "Relong"
reo: 
  city: "reo"
  accentcity: "Reo"
rere: 
  city: "rere"
  accentcity: "Rere"
reron: 
  city: "reron"
  accentcity: "Reron"
reu: 
  city: "reu"
  accentcity: "Reu"
rewo: 
  city: "rewo"
  accentcity: "Rewo"
riikeen: 
  city: "riikeen"
  accentcity: "Riikeen"
rij: 
  city: "rij"
  accentcity: "Rij"
rikan: 
  city: "rikan"
  accentcity: "Rikan"
riken: 
  city: "riken"
  accentcity: "Riken"
rikuan: 
  city: "rikuan"
  accentcity: "Rikuan"
rikwan: 
  city: "rikwan"
  accentcity: "Rikwan"
rimiit: 
  city: "rimiit"
  accentcity: "Rimiit"
rimit: 
  city: "rimit"
  accentcity: "Rimit"
rioyo: 
  city: "rioyo"
  accentcity: "Rioyo"
riquen: 
  city: "riquen"
  accentcity: "Riquen"
ri: 
  city: "ri"
  accentcity: "Ri"
riy: 
  city: "riy"
  accentcity: "Riy"
rohi: 
  city: "rohi"
  accentcity: "Rohi"
rohnkiti: 
  city: "rohnkiti"
  accentcity: "Rohnkiti"
roi: 
  city: "roi"
  accentcity: "Roi"
ronkichi: 
  city: "ronkichi"
  accentcity: "Ronkichi"
ronkite: 
  city: "ronkite"
  accentcity: "Ronkite"
ronkiti: 
  city: "ronkiti"
  accentcity: "Ronkiti"
roro: 
  city: "roro"
  accentcity: "R\xC3\xB6r\xC3\xB6"
rottopaa: 
  city: "rottopaa"
  accentcity: "Rottopaa"
rudnu: 
  city: "rudnu"
  accentcity: "Rudnu"
ruechayam: 
  city: "ruechayam"
  accentcity: "Ruechayam"
rueechayaam: 
  city: "rueechayaam"
  accentcity: "Rueechayaam"
rugau: 
  city: "rugau"
  accentcity: "Rugau"
rukoppu: 
  city: "rukoppu"
  accentcity: "Rukoppu"
rumo: 
  city: "rumo"
  accentcity: "Rumo"
rumu: 
  city: "rumu"
  accentcity: "Rumu"
rumuug: 
  city: "rumuug"
  accentcity: "Rumuug"
rumuuq: 
  city: "rumuuq"
  accentcity: "Rumuuq"
runu: 
  city: "runu"
  accentcity: "Runu"
run'uw: 
  city: "run'uw"
  accentcity: "Run'uw"
runu'w: 
  city: "runu'w"
  accentcity: "Runu'w"
ru': 
  city: "ru'"
  accentcity: "Ru'"
ruugau: 
  city: "ruugau"
  accentcity: "Ruugau"
ruun'uw: 
  city: "ruun'uw"
  accentcity: "Ruun'uw"
ruuq: 
  city: "ruuq"
  accentcity: "Ruuq"
ruu: 
  city: "ruu"
  accentcity: "Ruu"
sabore: 
  city: "sabore"
  accentcity: "Sabore"
sabota: 
  city: "sabota"
  accentcity: "Sabota"
sabotiu: 
  city: "sabotiu"
  accentcity: "Sabotiu"
sabun: 
  city: "sabun"
  accentcity: "Sabun"
saladak: 
  city: "saladak"
  accentcity: "Saladak"
salapwuk: 
  city: "salapwuk"
  accentcity: "Salapwuk"
sallong: 
  city: "sallong"
  accentcity: "Sallong"
salong: 
  city: "salong"
  accentcity: "Salong"
sannuk: 
  city: "sannuk"
  accentcity: "Sannuk"
sanuk: 
  city: "sanuk"
  accentcity: "Sanuk"
sapata: 
  city: "sapata"
  accentcity: "Sapata"
sapitiw: 
  city: "sapitiw"
  accentcity: "Sapitiw"
sapoer: 
  city: "sapoer"
  accentcity: "Sapoer"
saponong: 
  city: "saponong"
  accentcity: "Saponong"
saporanong: 
  city: "saporanong"
  accentcity: "Sapor\xC3\xA4nong"
sapota: 
  city: "sapota"
  accentcity: "Sapota"
sapotiu: 
  city: "sapotiu"
  accentcity: "Sapotiu"
sapotiw: 
  city: "sapotiw"
  accentcity: "Sapotiw"
sapou: 
  city: "sapou"
  accentcity: "Sapou"
sapun: 
  city: "sapun"
  accentcity: "Sapun"
saventiac: 
  city: "saventiac"
  accentcity: "Saventiac"
saveth: 
  city: "saveth"
  accentcity: "Saveth"
schaulon: 
  city: "schaulon"
  accentcity: "Schaulon"
sekeren iap: 
  city: "sekeren iap"
  accentcity: "Sekeren Iap"
sharapuku: 
  city: "sharapuku"
  accentcity: "Sharapuku"
shiyainowaru: 
  city: "shiyainowaru"
  accentcity: "Shiyainowaru"
sialat: 
  city: "sialat"
  accentcity: "Sialat"
soborelong: 
  city: "soborelong"
  accentcity: "Soborelong"
sobota: 
  city: "sobota"
  accentcity: "Sobota"
sobou: 
  city: "sobou"
  accentcity: "Sobou"
soh nting: 
  city: "soh nting"
  accentcity: "Soh Nting"
sopou: 
  city: "sopou"
  accentcity: "Sopou"
sopuo: 
  city: "sopuo"
  accentcity: "Sopuo"
sounting: 
  city: "sounting"
  accentcity: "Sounting"
sroanef: 
  city: "sroanef"
  accentcity: "Sroanef"
srupunyot: 
  city: "srupunyot"
  accentcity: "Srupunyot"
supur: 
  city: "supur"
  accentcity: "Supur"
taafniith: 
  city: "taafniith"
  accentcity: "Taafniith"
taalguw: 
  city: "taalguw"
  accentcity: "Taalguw"
tabeelaeng: 
  city: "tabeelaeng"
  accentcity: "Tabeelaeng"
tabnifiy: 
  city: "tabnifiy"
  accentcity: "Tabnifiy"
tabunifi: 
  city: "tabunifi"
  accentcity: "Tabunifi"
tafgif: 
  city: "tafgif"
  accentcity: "Tafgif"
tafgiif: 
  city: "tafgiif"
  accentcity: "Tafgiif"
tafnith: 
  city: "tafnith"
  accentcity: "Tafnith"
tafonsak: 
  city: "tafonsak"
  accentcity: "Tafonsak"
taf te: 
  city: "taf te"
  accentcity: "Taf Te"
tafunis: 
  city: "tafunis"
  accentcity: "Tafunis"
tafunsak: 
  city: "tafunsak"
  accentcity: "Tafunsak"
tagaam: 
  city: "tagaam"
  accentcity: "Tagaam"
tagagin: 
  city: "tagagin"
  accentcity: "Tagagin"
tagam: 
  city: "tagam"
  accentcity: "Tagam"
tagamu: 
  city: "tagamu"
  accentcity: "Tagamu"
tageegiin: 
  city: "tageegiin"
  accentcity: "Tageegiin"
tagegin: 
  city: "tagegin"
  accentcity: "Tagegin"
tagenen: 
  city: "tagenen"
  accentcity: "Tagenen"
tahonsaku: 
  city: "tahonsaku"
  accentcity: "Tahonsaku"
talagu: 
  city: "talagu"
  accentcity: "Talagu"
talaguu: 
  city: "talaguu"
  accentcity: "Talaguu"
talangith: 
  city: "talangith"
  accentcity: "Talangith"
talangiz: 
  city: "talangiz"
  accentcity: "Talangiz"
talegu: 
  city: "talegu"
  accentcity: "Talegu"
talguw: 
  city: "talguw"
  accentcity: "Talguw"
talngith: 
  city: "talngith"
  accentcity: "Talngith"
tamak: 
  city: "tamak"
  accentcity: "Tamak"
taman: 
  city: "taman"
  accentcity: "Taman"
tamil: 
  city: "tamil"
  accentcity: "Tamil"
tamon: 
  city: "tamon"
  accentcity: "Tamon"
tamoroi: 
  city: "tamoroi"
  accentcity: "Tamoroi"
tamureu: 
  city: "tamureu"
  accentcity: "Tamureu"
tamuroi: 
  city: "tamuroi"
  accentcity: "Tamuroi"
tamwarahlong: 
  city: "tamwarahlong"
  accentcity: "Tamwarahlong"
tamworohi: 
  city: "tamworohi"
  accentcity: "Tamworohi"
tanepei: 
  city: "tanepei"
  accentcity: "Tanepei"
tapak: 
  city: "tapak"
  accentcity: "Tapak"
tar' aw: 
  city: "tar' aw"
  accentcity: "Tar' aw"
tarqaaw: 
  city: "tarqaaw"
  accentcity: "Tarqaaw"
tauenpil: 
  city: "tauenpil"
  accentcity: "Tauenpil"
tav: 
  city: "tav"
  accentcity: "Tav"
tawoowaay: 
  city: "tawoowaay"
  accentcity: "Tawoowaay"
teab: 
  city: "teab"
  accentcity: "Teab"
t'eanfaar: 
  city: "t'eanfaar"
  accentcity: "T'eanfaar"
tean: 
  city: "tean"
  accentcity: "Tean"
teate: 
  city: "teate"
  accentcity: "Teate"
teb: 
  city: "teb"
  accentcity: "Teb"
teenfar: 
  city: "teenfar"
  accentcity: "Teenfar"
teenifar: 
  city: "teenifar"
  accentcity: "Teenifar"
temwen: 
  city: "temwen"
  accentcity: "Temwen"
tenfar: 
  city: "tenfar"
  accentcity: "Tenfar"
t'enifar: 
  city: "t'enifar"
  accentcity: "T'enifar"
tepat: 
  city: "tepat"
  accentcity: "Tepat"
thabeeth: 
  city: "thabeeth"
  accentcity: "Thabeeth"
thabeth: 
  city: "thabeth"
  accentcity: "Thabeth"
thol: 
  city: "thol"
  accentcity: "Thol"
thool: 
  city: "thool"
  accentcity: "Thool"
tiati-en-reu: 
  city: "tiati-en-reu"
  accentcity: "Tiati-en-Reu"
tiati-en-roi: 
  city: "tiati-en-roi"
  accentcity: "Tiati-en-Roi"
tiati: 
  city: "tiati"
  accentcity: "Tiati"
tjool: 
  city: "tjool"
  accentcity: "Tjool"
toal: 
  city: "toal"
  accentcity: "Toal"
toeruw: 
  city: "toeruw"
  accentcity: "Toeruw"
toley: 
  city: "toley"
  accentcity: "Toley"
tomara: 
  city: "tomara"
  accentcity: "Tomara"
tomil: 
  city: "tomil"
  accentcity: "Tomil"
tomiru: 
  city: "tomiru"
  accentcity: "Tomiru"
tomora: 
  city: "tomora"
  accentcity: "Tomora"
tomorolong: 
  city: "tomorolong"
  accentcity: "Tomorolong"
tomu: 
  city: "tomu"
  accentcity: "Tomu"
tomwarahlong: 
  city: "tomwarahlong"
  accentcity: "Tomwarahlong"
tomwara: 
  city: "tomwara"
  accentcity: "Tomwara"
tonoas: 
  city: "tonoas"
  accentcity: "Tonoas"
tonof: 
  city: "tonof"
  accentcity: "Tonof"
tonokas: 
  city: "tonokas"
  accentcity: "Tonokas"
toovai: 
  city: "toovai"
  accentcity: "Toovai"
toruw: 
  city: "toruw"
  accentcity: "Toruw"
tououay: 
  city: "tououay"
  accentcity: "Tououay"
touway: 
  city: "touway"
  accentcity: "Touway"
towai: 
  city: "towai"
  accentcity: "Towai"
towoway: 
  city: "towoway"
  accentcity: "Towoway"
toynim: 
  city: "toynim"
  accentcity: "Toynim"
tungunbinaw: 
  city: "tungunbinaw"
  accentcity: "Tungunbinaw"
tunnuk: 
  city: "tunnuk"
  accentcity: "Tunnuk"
tutukte: 
  city: "tutukte"
  accentcity: "Tutukte"
uanajan: 
  city: "uanajan"
  accentcity: "Uanajan"
ucloj: 
  city: "ucloj"
  accentcity: "Ucloj"
uelei: 
  city: "uelei"
  accentcity: "Uelei"
ueloi: 
  city: "ueloi"
  accentcity: "Ueloi"
ueloy: 
  city: "ueloy"
  accentcity: "Ueloy"
uenfra: 
  city: "uenfra"
  accentcity: "Uenfra"
uenfura: 
  city: "uenfura"
  accentcity: "Uenfura"
ueroi: 
  city: "ueroi"
  accentcity: "Ueroi"
ueroru: 
  city: "ueroru"
  accentcity: "Ueroru"
ugem: 
  city: "ugem"
  accentcity: "Ugem"
ulu: 
  city: "ulu"
  accentcity: "Ulu"
umin: 
  city: "umin"
  accentcity: "Umin"
umung: 
  city: "umung"
  accentcity: "Umung"
umungu: 
  city: "umungu"
  accentcity: "Umungu"
umun: 
  city: "umun"
  accentcity: "Umun"
u mura: 
  city: "u mura"
  accentcity: "U Mura"
unefaraa: 
  city: "unefaraa"
  accentcity: "Unefaraa"
unifei: 
  city: "unifei"
  accentcity: "Unifei"
unikapi: 
  city: "unikapi"
  accentcity: "Unikapi"
unikappi: 
  city: "unikappi"
  accentcity: "Unikappi"
unun en unikopi: 
  city: "unun en unikopi"
  accentcity: "Unun en Unikopi"
unun en unum: 
  city: "unun en unum"
  accentcity: "Unun en Unum"
ununo: 
  city: "ununo"
  accentcity: "Ununo"
uonean: 
  city: "uonean"
  accentcity: "Uonean"
uoruuoru: 
  city: "uoruuoru"
  accentcity: "Uoruuoru"
uoten: 
  city: "uoten"
  accentcity: "Uoten"
upen: 
  city: "upen"
  accentcity: "Upen"
upwein: 
  city: "upwein"
  accentcity: "Upwein"
utwa ma: 
  city: "utwa ma"
  accentcity: "Utwa Ma"
utwa: 
  city: "utwa"
  accentcity: "Utwa"
u: 
  city: "u"
  accentcity: "U"
uvilee: 
  city: "uvilee"
  accentcity: "Uvilee"
valavat: 
  city: "valavat"
  accentcity: "Valavat"
velabat: 
  city: "velabat"
  accentcity: "Velabat"
vinau: 
  city: "vinau"
  accentcity: "Vinau"
vinibau: 
  city: "vinibau"
  accentcity: "Vinibau"
volip: 
  city: "volip"
  accentcity: "Volip"
volouai: 
  city: "volouai"
  accentcity: "Volouai"
vorile: 
  city: "vorile"
  accentcity: "Vorile"
vorovo: 
  city: "vorovo"
  accentcity: "Vorovo"
vorvor: 
  city: "vorvor"
  accentcity: "Vorvor"
waaloo: 
  city: "waaloo"
  accentcity: "Waaloo"
waalooy: 
  city: "waalooy"
  accentcity: "Waalooy"
wachngal: 
  city: "wachngal"
  accentcity: "Wachngal"
waloy: 
  city: "waloy"
  accentcity: "Waloy"
wan utwa: 
  city: "wan utwa"
  accentcity: "Wan Utwa"
wanyaan: 
  city: "wanyaan"
  accentcity: "Wanyaan"
wapparu: 
  city: "wapparu"
  accentcity: "Wapparu"
waraqyal: 
  city: "waraqyal"
  accentcity: "Waraqyal"
weach: 
  city: "weach"
  accentcity: "Weach"
weeloay district: 
  city: "weeloay district"
  accentcity: "Weeloay District"
weenfaraq: 
  city: "weenfaraq"
  accentcity: "Weenfaraq"
weno: 
  city: "weno"
  accentcity: "Weno"
weroi: 
  city: "weroi"
  accentcity: "Weroi"
werua: 
  city: "werua"
  accentcity: "Werua"
wgem: 
  city: "wgem"
  accentcity: "Wgem"
wichukuna: 
  city: "wichukuna"
  accentcity: "Wichukuna"
wichukuno: 
  city: "wichukuno"
  accentcity: "Wichukuno"
wichuk: 
  city: "wichuk"
  accentcity: "Wichuk"
winakapi: 
  city: "winakapi"
  accentcity: "Winakapi"
winifei: 
  city: "winifei"
  accentcity: "Winifei"
wininin: 
  city: "wininin"
  accentcity: "Wininin"
wininis: 
  city: "wininis"
  accentcity: "Wininis"
winisi: 
  city: "winisi"
  accentcity: "Winisi"
witynokis: 
  city: "witynokis"
  accentcity: "Witynokis"
woarowoq: 
  city: "woarowoq"
  accentcity: "Woarowoq"
wonip: 
  city: "wonip"
  accentcity: "Wonip"
wonpiedi: 
  city: "wonpiedi"
  accentcity: "Wonpiedi"
wonpiepi: 
  city: "wonpiepi"
  accentcity: "Wonpiepi"
woriilag: 
  city: "woriilag"
  accentcity: "Woriil\xC3\xA4g"
worowa: 
  city: "worowa"
  accentcity: "Worowa"
woruworu: 
  city: "woruworu"
  accentcity: "Woruworu"
worwoq: 
  city: "worwoq"
  accentcity: "Worwoq"
worwor: 
  city: "worwor"
  accentcity: "Worwor"
wugeem: 
  city: "wugeem"
  accentcity: "Wugeem"
wugem: 
  city: "wugem"
  accentcity: "Wugem"
wuluuq: 
  city: "wuluuq"
  accentcity: "Wuluuq"
wuluu: 
  city: "wuluu"
  accentcity: "Wuluu"
wulu': 
  city: "wulu'"
  accentcity: "Wulu'"
wununno: 
  city: "wununno"
  accentcity: "Wununno"
wurwo': 
  city: "wurwo'"
  accentcity: "Wurwo'"
yabach: 
  city: "yabach"
  accentcity: "Yabach"
yaboch: 
  city: "yaboch"
  accentcity: "Yaboch"
yappu: 
  city: "yappu"
  accentcity: "Yappu"
yaptown: 
  city: "yaptown"
  accentcity: "Yaptown"
yap: 
  city: "yap"
  accentcity: "Yap"
yeboch: 
  city: "yeboch"
  accentcity: "Yeboch"
yekula: 
  city: "yekula"
  accentcity: "Yekula"
yela: 
  city: "yela"
  accentcity: "Yela"
yepan: 
  city: "yepan"
  accentcity: "Yepan"
yevotj: 
  city: "yevotj"
  accentcity: "Yevotj"
yinuuf: 
  city: "yinuuf"
  accentcity: "Yinuuf"
yin: 
  city: "yin"
  accentcity: "Yin"
yn: 
  city: "yn"
  accentcity: "Yn"
yugol: 
  city: "yugol"
  accentcity: "Yugol"
yuin: 
  city: "yuin"
  accentcity: "Yuin"
yunuf: 
  city: "yunuf"
  accentcity: "Yunuf"
zabez: 
  city: "zabez"
  accentcity: "Zabez"
zol: 
  city: "zol"
  accentcity: "Zol"
