# encoding: UTF-8
--- 
aakip: 
  city: "aakip"
  accentcity: "Aakip"
achelap: 
  city: "achelap"
  accentcity: "Achelap"
acholl: 
  city: "acholl"
  accentcity: "Acholl"
adkip: 
  city: "adkip"
  accentcity: "Adkip"
admodhorom: 
  city: "admodhorom"
  accentcity: "Admodhorom"
aebukuru: 
  city: "aebukuru"
  accentcity: "Aebukuru"
agol: 
  city: "agol"
  accentcity: "Agol"
a gol: 
  city: "a gol"
  accentcity: "A Gol"
agoru: 
  city: "agoru"
  accentcity: "Agoru"
aibukit: 
  city: "aibukit"
  accentcity: "Aibukit"
aiebukl: 
  city: "aiebukl"
  accentcity: "Aiebukl"
aiekasaol: 
  city: "aiekasaol"
  accentcity: "Aiekasaol"
aiekasol: 
  city: "aiekasol"
  accentcity: "Aiekasol"
a imelogel: 
  city: "a imelogel"
  accentcity: "a Imelogel"
aimeong: 
  city: "aimeong"
  accentcity: "Aimeong"
a imeungs: 
  city: "a imeungs"
  accentcity: "A Imeungs"
a imig: 
  city: "a imig"
  accentcity: "A Imig"
aimion: 
  city: "aimion"
  accentcity: "Aimion"
aimuul: 
  city: "aimuul"
  accentcity: "Aimuul"
aiokako-suido: 
  city: "aiokako-suido"
  accentcity: "Aiokako-suido"
a ipelau: 
  city: "a ipelau"
  accentcity: "a Ipelau"
a irai: 
  city: "a irai"
  accentcity: "A Irai"
airai: 
  city: "airai"
  accentcity: "Airai"
airrai: 
  city: "airrai"
  accentcity: "Airrai"
aiungel: 
  city: "aiungel"
  accentcity: "Aiungel"
aiyon: 
  city: "aiyon"
  accentcity: "Aiyon"
aiyunguru: 
  city: "aiyunguru"
  accentcity: "Aiyunguru"
akalak: 
  city: "akalak"
  accentcity: "Akalak"
akalokul: 
  city: "akalokul"
  accentcity: "Akalokul"
akalokul point: 
  city: "akalokul point"
  accentcity: "Akalokul Point"
akarappu: 
  city: "akarappu"
  accentcity: "Akarappu"
akarokoro kaku: 
  city: "akarokoro kaku"
  accentcity: "Akarokoro Kaku"
akarokoro point: 
  city: "akarokoro point"
  accentcity: "Akarokoro Point"
akoru: 
  city: "akoru"
  accentcity: "Akoru"
akrappu: 
  city: "akrappu"
  accentcity: "Akrappu"
akuro: 
  city: "akuro"
  accentcity: "Akuro"
alakasoho: 
  city: "alakasoho"
  accentcity: "Alakasoho"
almaska: 
  city: "almaska"
  accentcity: "Almaska"
almonogui: 
  city: "almonogui"
  accentcity: "Almonogui"
amarakarakkuru: 
  city: "amarakarakkuru"
  accentcity: "Amarakarakkuru"
a meungs: 
  city: "a meungs"
  accentcity: "a Meungs"
amiyonsu: 
  city: "amiyonsu"
  accentcity: "Amiyonsu"
amodhorom: 
  city: "amodhorom"
  accentcity: "Amodhorom"
amolon: 
  city: "amolon"
  accentcity: "Amolon"
amoron: 
  city: "amoron"
  accentcity: "Amoron"
amurmomur head: 
  city: "amurmomur head"
  accentcity: "Amurmomur Head"
amuromur head: 
  city: "amuromur head"
  accentcity: "Amuromur Head"
angkaklau: 
  city: "angkaklau"
  accentcity: "Angkaklau"
angkaluau: 
  city: "angkaluau"
  accentcity: "Angkaluau"
arabaketsu: 
  city: "arabaketsu"
  accentcity: "Arabaketsu"
aracalong: 
  city: "aracalong"
  accentcity: "Aracalong"
aragamae: 
  city: "aragamae"
  accentcity: "Aragamae"
aragamaye: 
  city: "aragamaye"
  accentcity: "Aragamaye"
aragol: 
  city: "aragol"
  accentcity: "Aragol"
arakabesan: 
  city: "arakabesan"
  accentcity: "Arakabesan"
arakasoaol: 
  city: "arakasoaol"
  accentcity: "Arakasoaol"
arakaso: 
  city: "arakaso"
  accentcity: "Arakaso"
aramarakarakkuru: 
  city: "aramarakarakkuru"
  accentcity: "Aramarakarakkuru"
aramarakarakuru: 
  city: "aramarakarakuru"
  accentcity: "Aramarakarakuru"
archongelungel: 
  city: "archongelungel"
  accentcity: "Archongelungel"
ardelollec: 
  city: "ardelollec"
  accentcity: "Ardelollec"
ardololok: 
  city: "ardololok"
  accentcity: "Ardololok"
arekamae: 
  city: "arekamae"
  accentcity: "Arekamae"
argutel: 
  city: "argutel"
  accentcity: "Argutel"
arkamais: 
  city: "arkamais"
  accentcity: "Arkamais"
armid: 
  city: "armid"
  accentcity: "Armid"
artingall: 
  city: "artingall"
  accentcity: "Artingall"
arubaketsu: 
  city: "arubaketsu"
  accentcity: "Arubaketsu"
arubodoru: 
  city: "arubodoru"
  accentcity: "Arubodoru"
arumasaka: 
  city: "arumasaka"
  accentcity: "Arumasaka"
arumizu: 
  city: "arumizu"
  accentcity: "Arumizu"
arumonogui: 
  city: "arumonogui"
  accentcity: "Arumonogui"
arumuzu: 
  city: "arumuzu"
  accentcity: "Arumuzu"
asias: 
  city: "asias"
  accentcity: "Asias"
assias: 
  city: "assias"
  accentcity: "Assias"
atekasabru: 
  city: "atekasabru"
  accentcity: "Atekasabru"
atekasaoru: 
  city: "atekasaoru"
  accentcity: "Atekasaoru"
athermal: 
  city: "athermal"
  accentcity: "Athermal"
athernal: 
  city: "athernal"
  accentcity: "Athernal"
atkiip: 
  city: "atkiip"
  accentcity: "Atkiíp"
a ulimang: 
  city: "a ulimang"
  accentcity: "A Ulimang"
ayebukuru: 
  city: "ayebukuru"
  accentcity: "Ayebukuru"
babelthuap village: 
  city: "babelthuap village"
  accentcity: "Babelthuap Village"
bloody nose ridge: 
  city: "bloody nose ridge"
  accentcity: "Bloody Nose Ridge"
btangech iterchobel: 
  city: "btangech iterchobel"
  accentcity: "Btangech Iterchobel"
btululachang ra rrai: 
  city: "btululachang ra rrai"
  accentcity: "Btululachang ra Rrai"
charkamais: 
  city: "charkamais"
  accentcity: "Charkamais"
chechol: 
  city: "chechol"
  accentcity: "Chechol"
chelab: 
  city: "chelab"
  accentcity: "Chelab"
chelechui: 
  city: "chelechui"
  accentcity: "Chelechui"
chiyou: 
  city: "chiyou"
  accentcity: "Chiyou"
chol: 
  city: "chol"
  accentcity: "Chol"
chrkamais: 
  city: "chrkamais"
  accentcity: "Chrkamais"
coaengal: 
  city: "coaengal"
  accentcity: "Coaengal"
dabador: 
  city: "dabador"
  accentcity: "Dabador"
dabadoru: 
  city: "dabadoru"
  accentcity: "Dabadoru"
delebog: 
  city: "delebog"
  accentcity: "Delebog"
delutaog: 
  city: "delutaog"
  accentcity: "Delutaog"
dilong: 
  city: "dilong"
  accentcity: "Dilong"
dimes: 
  city: "dimes"
  accentcity: "Dimes"
dobadaru: 
  city: "dobadaru"
  accentcity: "Dobadaru"
doko: 
  city: "doko"
  accentcity: "Doko"
doro island: 
  city: "doro island"
  accentcity: "Doro Island"
ebaduls pier: 
  city: "ebaduls pier"
  accentcity: "Ebaduls Pier"
echang: 
  city: "echang"
  accentcity: "Echang"
echol: 
  city: "echol"
  accentcity: "Echol"
eeyahoru: 
  city: "eeyahoru"
  accentcity: "Eeyahoru"
eeyakoru: 
  city: "eeyakoru"
  accentcity: "Eeyakoru"
eholl: 
  city: "eholl"
  accentcity: "Eholl"
eimelik: 
  city: "eimelik"
  accentcity: "Eimelik"
elauesachel: 
  city: "elauesachel"
  accentcity: "Elauesachel"
elecbue: 
  city: "elecbue"
  accentcity: "Elecbue"
elechui: 
  city: "elechui"
  accentcity: "Elechui"
emeleol: 
  city: "emeleol"
  accentcity: "Emeleol"
emieangl: 
  city: "emieangl"
  accentcity: "Emieangl"
engkasar: 
  city: "engkasar"
  accentcity: "Engkasar"
enkasar: 
  city: "enkasar"
  accentcity: "Enkasar"
enkassar: 
  city: "enkassar"
  accentcity: "Enkassar"
ertong: 
  city: "ertong"
  accentcity: "Ertong"
euakor: 
  city: "euakor"
  accentcity: "Euakor"
gabadekk: 
  city: "gabadekk"
  accentcity: "Gabadekk"
gabatouru: 
  city: "gabatouru"
  accentcity: "Gabatouru"
gabayanga: 
  city: "gabayanga"
  accentcity: "Gabayanga"
gabokkudo: 
  city: "gabokkudo"
  accentcity: "Gabokkudo"
gabulko: 
  city: "gabulko"
  accentcity: "Gabulko"
gadkip: 
  city: "gadkip"
  accentcity: "Gadkip"
gaiakasan: 
  city: "gaiakasan"
  accentcity: "Gaiakasan"
gakip: 
  city: "gakip"
  accentcity: "Gakip"
gakkibu: 
  city: "gakkibu"
  accentcity: "Gakkibu"
galadolman: 
  city: "galadolman"
  accentcity: "Galadolman"
galamadei: 
  city: "galamadei"
  accentcity: "Galamadei"
galapao: 
  city: "galapao"
  accentcity: "Galapao"
galap: 
  city: "galap"
  accentcity: "Galap"
galauekkel: 
  city: "galauekkel"
  accentcity: "Galauekkel"
galaus: 
  city: "galaus"
  accentcity: "Galaus"
galbuko: 
  city: "galbuko"
  accentcity: "Galbuko"
galeds: 
  city: "galeds"
  accentcity: "Galeds"
galegui: 
  city: "galegui"
  accentcity: "Galegui"
galekui: 
  city: "galekui"
  accentcity: "Galekui"
galumuleaka: 
  city: "galumuleaka"
  accentcity: "Galumuleaka"
galuokkur: 
  city: "galuokkur"
  accentcity: "Galuokkur"
gamesed: 
  city: "gamesed"
  accentcity: "Gamesed"
gamliangel: 
  city: "gamliangel"
  accentcity: "Gamliangel"
gamusetsu: 
  city: "gamusetsu"
  accentcity: "Gamusetsu"
garadai: 
  city: "garadai"
  accentcity: "Garadai"
garakasan: 
  city: "garakasan"
  accentcity: "Garakasan"
garashiyoo: 
  city: "garashiyoo"
  accentcity: "Garashiyoo"
garasho: 
  city: "garasho"
  accentcity: "Garasho"
garasuun: 
  city: "garasuun"
  accentcity: "Garasuun"
garekoru: 
  city: "garekoru"
  accentcity: "Garekoru"
garekory: 
  city: "garekory"
  accentcity: "Garekory"
garikiai: 
  city: "garikiai"
  accentcity: "Garikiai"
garudoriruko: 
  city: "garudoriruko"
  accentcity: "Garudoriruko"
garudoruko: 
  city: "garudoruko"
  accentcity: "Garudoruko"
garukiyokku: 
  city: "garukiyokku"
  accentcity: "Garukiyokku"
garukyoku: 
  city: "garukyoku"
  accentcity: "Garukyoku"
garumureaka: 
  city: "garumureaka"
  accentcity: "Garumureaka"
garuokkuru: 
  city: "garuokkuru"
  accentcity: "Garuokkuru"
garurudo: 
  city: "garurudo"
  accentcity: "Garurudo"
garuruon: 
  city: "garuruon"
  accentcity: "Garuruon"
garusaru: 
  city: "garusaru"
  accentcity: "Garusaru"
garusuun: 
  city: "garusuun"
  accentcity: "Garusuun"
gasakan: 
  city: "gasakan"
  accentcity: "Gasakan"
gaskan: 
  city: "gaskan"
  accentcity: "Gaskan"
gasupan: 
  city: "gasupan"
  accentcity: "Gasupan"
gatkip: 
  city: "gatkip"
  accentcity: "Gatkip"
gatomel: 
  city: "gatomel"
  accentcity: "Gatomel"
gatsumeru: 
  city: "gatsumeru"
  accentcity: "Gatsumeru"
gaysan: 
  city: "gaysan"
  accentcity: "Gaysan"
gegol: 
  city: "gegol"
  accentcity: "Gegol"
geklau: 
  city: "geklau"
  accentcity: "Geklau"
geleg: 
  city: "geleg"
  accentcity: "Geleg"
gelgug: 
  city: "gelgug"
  accentcity: "Gelgug"
gelgung: 
  city: "gelgung"
  accentcity: "Gelgung"
geysan: 
  city: "geysan"
  accentcity: "Geysan"
goikul: 
  city: "goikul"
  accentcity: "Goikul"
goleguy: 
  city: "goleguy"
  accentcity: "Goleguy"
golei: 
  city: "golei"
  accentcity: "Golei"
golekl: 
  city: "golekl"
  accentcity: "Golekl"
gol: 
  city: "gol"
  accentcity: "Gol"
goreor: 
  city: "goreor"
  accentcity: "Goreor"
goror: 
  city: "goror"
  accentcity: "Goror"
halahol point: 
  city: "halahol point"
  accentcity: "Halahol Point"
hells pocket: 
  city: "hells pocket"
  accentcity: "Hells Pocket"
idid: 
  city: "idid"
  accentcity: "Idid"
iebukel: 
  city: "iebukel"
  accentcity: "Iebukel"
ikelau: 
  city: "ikelau"
  accentcity: "Ikelau"
ilebei: 
  city: "ilebei"
  accentcity: "Ilebei"
imeiong: 
  city: "imeiong"
  accentcity: "Imeiong"
imelechol: 
  city: "imelechol"
  accentcity: "Imelechol"
imeleol: 
  city: "imeleol"
  accentcity: "Imeleol"
imeong: 
  city: "imeong"
  accentcity: "Imeong"
imul: 
  city: "imul"
  accentcity: "Imul"
irrai: 
  city: "irrai"
  accentcity: "Irrai"
itkib: 
  city: "itkib"
  accentcity: "Itkib"
iungel: 
  city: "iungel"
  accentcity: "Iungel"
iyebukel: 
  city: "iyebukel"
  accentcity: "Iyebukel"
jimusho: 
  city: "jimusho"
  accentcity: "Jimusho"
kaemesang: 
  city: "kaemesang"
  accentcity: "Kaemesang"
kakalau: 
  city: "kakalau"
  accentcity: "Kakalau"
kakurao: 
  city: "kakurao"
  accentcity: "Kakurao"
kamaltan: 
  city: "kamaltan"
  accentcity: "Kamaltan"
kamesang: 
  city: "kamesang"
  accentcity: "Kamesang"
kameset: 
  city: "kameset"
  accentcity: "Kameset"
kamiyangaru: 
  city: "kamiyangaru"
  accentcity: "Kamiyangaru"
kamiyangaur: 
  city: "kamiyangaur"
  accentcity: "Kamiyangaur"
kamsetts: 
  city: "kamsetts"
  accentcity: "Kamsetts"
kamusetsu: 
  city: "kamusetsu"
  accentcity: "Kamusetsu"
karaeru: 
  city: "karaeru"
  accentcity: "Karaeru"
karasho: 
  city: "karasho"
  accentcity: "Karasho"
karikari: 
  city: "karikari"
  accentcity: "Karikari"
karikiai: 
  city: "karikiai"
  accentcity: "Karikiai"
kaslau: 
  city: "kaslau"
  accentcity: "Kaslau"
kayungur: 
  city: "kayungur"
  accentcity: "Kayungur"
keklau: 
  city: "keklau"
  accentcity: "Keklau"
kekurao: 
  city: "kekurao"
  accentcity: "Kekurao"
kesauaol: 
  city: "kesauaol"
  accentcity: "Kesauaol"
kloulklubed: 
  city: "kloulklubed"
  accentcity: "Kloulklubed"
koiguru: 
  city: "koiguru"
  accentcity: "Koiguru"
kolekl: 
  city: "kolekl"
  accentcity: "Kolekl"
komliangl: 
  city: "komliangl"
  accentcity: "Komliangl"
konlei: 
  city: "konlei"
  accentcity: "Konlei"
konrei: 
  city: "konrei"
  accentcity: "Konrei"
koreor: 
  city: "koreor"
  accentcity: "Koreor"
koror city: 
  city: "koror city"
  accentcity: "Koror City"
koror: 
  city: "koror"
  accentcity: "Koror"
koror town: 
  city: "koror town"
  accentcity: "Koror town"
kororu: 
  city: "kororu"
  accentcity: "Kororu"
koror village: 
  city: "koror village"
  accentcity: "Koror village"
koygul: 
  city: "koygul"
  accentcity: "Koygul"
lademisang: 
  city: "lademisang"
  accentcity: "Lademisang"
ladmisang: 
  city: "ladmisang"
  accentcity: "Ladmisang"
madalai: 
  city: "madalai"
  accentcity: "Madalai"
madarabae: 
  city: "madarabae"
  accentcity: "Madarabae"
madarabaye: 
  city: "madarabaye"
  accentcity: "Madarabaye"
madarai: 
  city: "madarai"
  accentcity: "Madarai"
madaria: 
  city: "madaria"
  accentcity: "Madaria"
magachin: 
  city: "magachin"
  accentcity: "Magachin"
malligoyoke: 
  city: "malligoyoke"
  accentcity: "Malligoyoke"
mangalang: 
  city: "mangalang"
  accentcity: "Mangalang"
mangallakl: 
  city: "mangal'lakl"
  accentcity: "Mangal'lakl"
mangallang: 
  city: "mangal'lang"
  accentcity: "Mangal'lang"
maralai: 
  city: "maralai"
  accentcity: "Maralai"
marukiyoku: 
  city: "marukiyoku"
  accentcity: "Marukiyoku"
matalai: 
  city: "matalai"
  accentcity: "Matalai"
mechang: 
  city: "mechang"
  accentcity: "Mechang"
mechebechubl: 
  city: "mechebechubl"
  accentcity: "Mechebechubl"
medalaii: 
  city: "medalaii"
  accentcity: "Medalaii"
medorm: 
  city: "medorm"
  accentcity: "Medorm"
medorom: 
  city: "medorom"
  accentcity: "Medorom"
mehebehubl: 
  city: "mehebehubl"
  accentcity: "Mehebehubl"
meiungs: 
  city: "meiungs"
  accentcity: "Meiungs"
meker: 
  city: "meker"
  accentcity: "Meker"
meketii: 
  city: "meketii"
  accentcity: "Meketii"
melekeiok: 
  city: "melekeiok"
  accentcity: "Melekeiok"
melekejok: 
  city: "melekejok"
  accentcity: "Melekejok"
melekeok: 
  city: "melekeok"
  accentcity: "Melekeok"
melekiok: 
  city: "melekiok"
  accentcity: "Melekiok"
melekyok: 
  city: "melekyok"
  accentcity: "Melekyok"
meligeok: 
  city: "meligeok"
  accentcity: "Meligeok"
mengellang: 
  city: "mengellang"
  accentcity: "Mengellang"
meungs: 
  city: "meungs"
  accentcity: "Meungs"
meyungs: 
  city: "meyungs"
  accentcity: "Meyungs"
mgadernal: 
  city: "mgadernal"
  accentcity: "Mgadernal"
minatohang: 
  city: "minatohang"
  accentcity: "Minatohang"
molegojok: 
  city: "molegojok"
  accentcity: "Molegojok"
molegoyok: 
  city: "molegoyok"
  accentcity: "Molegoyok"
mudorom: 
  city: "mudorom"
  accentcity: "Mudorom"
mudurom: 
  city: "mudurom"
  accentcity: "Mudurom"
mukeru: 
  city: "mukeru"
  accentcity: "Mukeru"
nagarekeai: 
  city: "nagarekeai"
  accentcity: "Nagarekeai"
namako island: 
  city: "namako island"
  accentcity: "Namako Island"
nasias: 
  city: "nasias"
  accentcity: "Nasiás"
nerubodoru: 
  city: "nerubodoru"
  accentcity: "Nerubodoru"
neustadt: 
  city: "neustadt"
  accentcity: "Neustadt"
ngabeanged: 
  city: "ngabeanged"
  accentcity: "Ngabeanged"
ngabuked: 
  city: "ngabuked"
  accentcity: "Ngabuked"
ngaburok: 
  city: "ngaburok"
  accentcity: "Ngaburok"
ngadernal: 
  city: "ngadernal"
  accentcity: "Ngadernal"
ngaldolok: 
  city: "ngaldolok"
  accentcity: "Ngaldolok"
ngalkiok: 
  city: "ngalkiok"
  accentcity: "Ngalkiok"
ngalkol: 
  city: "ngalkol"
  accentcity: "Ngalkol"
ngapedeg: 
  city: "ngapedeg"
  accentcity: "Ngapedeg"
ngarabau: 
  city: "ngarabau"
  accentcity: "Ngarabau"
ngaradermang: 
  city: "ngaradermang"
  accentcity: "Ngaradermang"
ngaragebukl: 
  city: "ngaragebukl"
  accentcity: "Ngaragebukl"
ngarakassoul: 
  city: "ngarakassoul"
  accentcity: "Ngarakassoul"
ngarakeai: 
  city: "ngarakeai"
  accentcity: "Ngarakeai"
ngarakesou: 
  city: "ngarakesou"
  accentcity: "Ngarakesou"
ngaraklingong: 
  city: "ngaraklingong"
  accentcity: "Ngaraklingong"
ngarakosou: 
  city: "ngarakosou"
  accentcity: "Ngarakosou"
ngaramasch: 
  city: "ngaramasch"
  accentcity: "Ngaramasch"
ngaramash: 
  city: "ngaramash"
  accentcity: "Ngaramash"
ngaratameng: 
  city: "ngaratameng"
  accentcity: "Ngaratameng"
ngarbagedesau: 
  city: "ngarbagedesau"
  accentcity: "Ngarbagedesau"
ngarbaged: 
  city: "ngarbaged"
  accentcity: "Ngarbaged"
ngarbaged-rengul: 
  city: "ngarbaged-rengul"
  accentcity: "Ngarbaged-rengul"
ngarbau: 
  city: "ngarbau"
  accentcity: "Ngarbau"
ngarbeched: 
  city: "ngarbeched"
  accentcity: "Ngarbeched"
ngarchemai: 
  city: "ngarchemai"
  accentcity: "Ngarchemai"
ngarderer: 
  city: "ngarderer"
  accentcity: "Ngarderer"
ngardololok: 
  city: "ngardololok"
  accentcity: "Ngardololok"
ngaregamai: 
  city: "ngaregamai"
  accentcity: "Ngaregamai"
ngaregol: 
  city: "ngaregol"
  accentcity: "Ngaregol"
ngarekai: 
  city: "ngarekai"
  accentcity: "Ngarekai"
ngarekamais: 
  city: "ngarekamais"
  accentcity: "Ngarekamais"
ngarekeai: 
  city: "ngarekeai"
  accentcity: "Ngarekeai"
ngarekesauaol: 
  city: "ngarekesauaol"
  accentcity: "Ngarekesauaol"
ngarekeukl: 
  city: "ngarekeukl"
  accentcity: "Ngarekeukl"
ngarekeul island: 
  city: "ngarekeul island"
  accentcity: "Ngarekeul Island"
ngarekeul: 
  city: "ngarekeul"
  accentcity: "Ngarekeul"
ngaremetengel: 
  city: "ngaremetengel"
  accentcity: "Ngaremetengel"
ngarevikl: 
  city: "ngarevikl"
  accentcity: "Ngarevikl"
ngargersiul: 
  city: "ngargersiul"
  accentcity: "Ngargersiul"
ngargeso: 
  city: "ngargeso"
  accentcity: "Ngargeso"
ngargesouaul: 
  city: "ngargesouaul"
  accentcity: "Ngargesouaul"
ngargeukl: 
  city: "ngargeukl"
  accentcity: "Ngargeukl"
ngargol: 
  city: "ngargol"
  accentcity: "Ngargol"
ngarmid: 
  city: "ngarmid"
  accentcity: "Ngarmid"
ngarsul: 
  city: "ngarsul"
  accentcity: "Ngarsul"
ngarsung: 
  city: "ngarsung"
  accentcity: "Ngarsung"
ngasachang: 
  city: "ngasachang"
  accentcity: "Ngasachang"
ngasias: 
  city: "ngasias"
  accentcity: "Ngasias"
ngatbong: 
  city: "ngatbong"
  accentcity: "Ngatbong"
ngatkip: 
  city: "ngatkip"
  accentcity: "Ngatkip"
ngatmel: 
  city: "ngatmel"
  accentcity: "Ngatmel"
ngatpang: 
  city: "ngatpang"
  accentcity: "Ngatpang"
ngchemesed: 
  city: "ngchemesed"
  accentcity: "Ngchemesed"
ngchemiangel: 
  city: "ngchemiangel"
  accentcity: "Ngchemiangel"
ngchesar: 
  city: "ngchesar"
  accentcity: "Ngchesar"
ngchesechang: 
  city: "ngchesechang"
  accentcity: "Ngchesechang"
ngebeanged: 
  city: "ngebeanged"
  accentcity: "Ngebeanged"
ngebei: 
  city: "ngebei"
  accentcity: "Ngebei"
ngebuked: 
  city: "ngebuked"
  accentcity: "Ngebuked"
ngeburch: 
  city: "ngeburch"
  accentcity: "Ngeburch"
ngebureg: 
  city: "ngebureg"
  accentcity: "Ngebureg"
ngedbang: 
  city: "ngedbang"
  accentcity: "Ngedbang"
ngeiungel: 
  city: "ngeiungel"
  accentcity: "Ngeiungel"
ngemerdang: 
  city: "ngemerdang"
  accentcity: "Ngemerdang"
ngerbau: 
  city: "ngerbau"
  accentcity: "Ngerbau"
ngerbeched: 
  city: "ngerbeched"
  accentcity: "Ngerbeched"
ngerbodel: 
  city: "ngerbodel"
  accentcity: "Ngerbodel"
ngercheluuk: 
  city: "ngercheluuk"
  accentcity: "Ngercheluuk"
ngerchemai: 
  city: "ngerchemai"
  accentcity: "Ngerchemai"
ngerchol: 
  city: "ngerchol"
  accentcity: "Ngerchol"
ngerdelolk: 
  city: "ngerdelolk"
  accentcity: "Ngerdelolk"
ngerderemang: 
  city: "ngerderemang"
  accentcity: "Ngerderemang"
ngerechemai: 
  city: "ngerechemai"
  accentcity: "Ngerechemai"
ngerechol: 
  city: "ngerechol"
  accentcity: "Ngerechol"
ngerekebesang: 
  city: "ngerekebesang"
  accentcity: "Ngerekebesang"
ngerekemais: 
  city: "ngerekemais"
  accentcity: "Ngerekemais"
ngereklmadel: 
  city: "ngereklmadel"
  accentcity: "Ngereklmadel"
ngeremasech: 
  city: "ngeremasech"
  accentcity: "Ngeremasech"
ngeremeleg: 
  city: "ngeremeleg"
  accentcity: "Ngeremeleg"
ngeremlengui: 
  city: "ngeremlengui"
  accentcity: "Ngeremlengui"
ngergeai: 
  city: "ngergeai"
  accentcity: "Ngergeai"
ngerkeai: 
  city: "ngerkeai"
  accentcity: "Ngerkeai"
ngerkeseuaol: 
  city: "ngerkeseuaol"
  accentcity: "Ngerkeseuaol"
ngerkesewaol: 
  city: "ngerkesewaol"
  accentcity: "Ngerkesewaol"
ngerkeukl: 
  city: "ngerkeukl"
  accentcity: "Ngerkeukl"
ngerkeyai: 
  city: "ngerkeyai"
  accentcity: "Ngerkeyai"
ngerklingong: 
  city: "ngerklingong"
  accentcity: "Ngerklingong"
ngerkyukl: 
  city: "ngerkyukl"
  accentcity: "Ngerkyukl"
ngermechau: 
  city: "ngermechau"
  accentcity: "Ngermechau"
ngermelech: 
  city: "ngermelech"
  accentcity: "Ngermelech"
ngermetengel: 
  city: "ngermetengel"
  accentcity: "Ngermetengel"
ngermid: 
  city: "ngermid"
  accentcity: "Ngermid"
ngerngesang: 
  city: "ngerngesang"
  accentcity: "Ngerngesang"
ngersuul: 
  city: "ngersuul"
  accentcity: "Ngersuul"
ngersuwl: 
  city: "ngersuwl"
  accentcity: "Ngersuwl"
ngerubesang: 
  city: "ngerubesang"
  accentcity: "Ngerubesang"
ngeruiki: 
  city: "ngeruiki"
  accentcity: "Ngeruiki"
ngeruikl: 
  city: "ngeruikl"
  accentcity: "Ngeruikl"
ngeruluobel: 
  city: "ngeruluobel"
  accentcity: "Ngeruluobel"
ngerupesang: 
  city: "ngerupesang"
  accentcity: "Ngerupesang"
ngerusar: 
  city: "ngerusar"
  accentcity: "Ngerusar"
ngerutoi: 
  city: "ngerutoi"
  accentcity: "Ngerutoi"
ngeruwikl: 
  city: "ngeruwikl"
  accentcity: "Ngeruwikl"
ngesar: 
  city: "ngesar"
  accentcity: "Ngesar"
ngesias: 
  city: "ngesias"
  accentcity: "Ngesias"
ngesyas: 
  city: "ngesyas"
  accentcity: "Ngesyas"
ngetbong: 
  city: "ngetbong"
  accentcity: "Ngetbong"
ngetgip: 
  city: "ngetgip"
  accentcity: "Ngetgip"
ngetkib: 
  city: "ngetkib"
  accentcity: "Ngetkib"
ngetkip: 
  city: "ngetkip"
  accentcity: "Ngetkip"
ngetpang: 
  city: "ngetpang"
  accentcity: "Ngetpang"
ngeungel: 
  city: "ngeungel"
  accentcity: "Ngeungel"
nggamased: 
  city: "nggamased"
  accentcity: "Nggamased"
nggasagang: 
  city: "nggasagang"
  accentcity: "Nggasagang"
nggesar: 
  city: "nggesar"
  accentcity: "Nggesar"
nghemesed: 
  city: "nghemesed"
  accentcity: "Nghemesed"
nghesehang: 
  city: "nghesehang"
  accentcity: "Nghesehang"
nghmesed: 
  city: "nghmesed"
  accentcity: "Nghmesed"
ngiwal: 
  city: "ngiwal"
  accentcity: "Ngiwal"
ngkebeduul: 
  city: "ngkebeduul"
  accentcity: "Ngkebeduul"
ngkekau: 
  city: "ngkekau"
  accentcity: "Ngkekau"
ngkeklau: 
  city: "ngkeklau"
  accentcity: "Ngkeklau"
ngorsul: 
  city: "ngorsul"
  accentcity: "Ngorsul"
ngorsum: 
  city: "ngorsum"
  accentcity: "Ngorsum"
ngriel: 
  city: "ngriel"
  accentcity: "Ngriel"
ngriil: 
  city: "ngriil"
  accentcity: "Ngriil"
ngril: 
  city: "ngril"
  accentcity: "Ngril"
ngtkip: 
  city: "ngtkip"
  accentcity: "Ngtkíp"
ngurusar: 
  city: "ngurusar"
  accentcity: "Ngurusar"
ngurutoi: 
  city: "ngurutoi"
  accentcity: "Ngurutoi"
obiil: 
  city: "obiil"
  accentcity: "Obiil"
ogiil: 
  city: "ogiil"
  accentcity: "Ogiil"
ogiwal: 
  city: "ogiwal"
  accentcity: "Ogiwal"
ogiwaru: 
  city: "ogiwaru"
  accentcity: "Ogiwaru"
oigul: 
  city: "oigul"
  accentcity: "Oigul"
oikull: 
  city: "oikull"
  accentcity: "Oikull"
olei: 
  city: "olei"
  accentcity: "Olei"
olkang: 
  city: "olkang"
  accentcity: "Olkang"
ollei: 
  city: "ollei"
  accentcity: "Ollei"
ololian: 
  city: "ololian"
  accentcity: "Ololian"
ongeuidel: 
  city: "ongeuidel"
  accentcity: "Ongeuidel"
ononguru: 
  city: "ononguru"
  accentcity: "Ononguru"
orocall: 
  city: "orocall"
  accentcity: "Orocall"
ororian: 
  city: "ororian"
  accentcity: "Ororian"
orukei: 
  city: "orukei"
  accentcity: "Orukei"
oyonguru: 
  city: "oyonguru"
  accentcity: "Oyonguru"
pkulrengereiong point: 
  city: "pkulrengereiong point"
  accentcity: "Pkulrengereiong Point"
pkulrengerelong: 
  city: "pkulrengerelong"
  accentcity: "Pkulrengerelong"
ralap: 
  city: "ralap"
  accentcity: "Ralap"
rallap: 
  city: "rallap"
  accentcity: "Rallap"
renrak: 
  city: "renrak"
  accentcity: "Renrak"
rollekl: 
  city: "rollekl"
  accentcity: "Rollekl"
roll: 
  city: "roll"
  accentcity: "Roll"
rrai: 
  city: "rrai"
  accentcity: "Rrai"
saipan: 
  city: "saipan"
  accentcity: "Saipan"
saipan town: 
  city: "saipan town"
  accentcity: "Saipan Town"
saipon: 
  city: "saipon"
  accentcity: "Saipon"
sipon: 
  city: "sipon"
  accentcity: "Sipon"
t-dock: 
  city: "t-dock"
  accentcity: "T-Dock"
tngeronger: 
  city: "tngeronger"
  accentcity: "Tngeronger"
ukurakusetsu: 
  city: "ukurakusetsu"
  accentcity: "Ukurakusetsu"
ukurakusetts: 
  city: "ukurakusetts"
  accentcity: "Ukurakusetts"
ulimang: 
  city: "ulimang"
  accentcity: "Ulimang"
uliman: 
  city: "uliman"
  accentcity: "Uliman"
ulubosan: 
  city: "ulubosan"
  accentcity: "Ulubosan"
uluboson: 
  city: "uluboson"
  accentcity: "Uluboson"
ulutei: 
  city: "ulutei"
  accentcity: "Ulutei"
urdmang: 
  city: "urdmang"
  accentcity: "Urdmang"
urdmau: 
  city: "urdmau"
  accentcity: "Urdmau"
yalap: 
  city: "yalap"
  accentcity: "Yalap"
yubinkyoku: 
  city: "yubinkyoku"
  accentcity: "Yubinkyoku"
